year,month,airport,destination,airline,flights,seats,passengers,load_factor
2024,10,"桃園國際機場","大阪","星宇",124,37350,33492,89.6707
2024,11,"桃園國際機場","大阪","星宇",120,36180,31850,88.0321
2024,12,"桃園國際機場","大阪","星宇",124,37168,34396,92.5420
2024,1,"桃園國際機場","大阪","星宇",124,37152,31035,83.5352
2024,2,"桃園國際機場","大阪","星宇",116,33886,32123,94.7973
2024,3,"桃園國際機場","大阪","星宇",124,36968,34724,93.9299
2024,4,"桃園國際機場","大阪","星宇",120,36180,33657,93.0265
2024,5,"桃園國際機場","大阪","星宇",124,37386,33406,89.3543
2024,6,"桃園國際機場","大阪","星宇",120,36180,34704,95.9204
2024,7,"桃園國際機場","大阪","星宇",124,37386,34549,92.4116
2024,8,"桃園國際機場","大阪","星宇",124,37278,35240,94.5330
2024,9,"桃園國際機場","大阪","星宇",120,36144,31391,86.8498
2025,10,"桃園國際機場","大阪","星宇",124,37476,32564,86.8929
2025,11,"桃園國際機場","大阪","星宇",120,36180,31562,87.2360
2025,12,"桃園國際機場","大阪","星宇",124,37458,33684,89.9247
2025,1,"桃園國際機場","大阪","星宇",124,37386,32786,87.6959
2025,2,"桃園國際機場","大阪","星宇",112,33332,31071,93.2167
2025,3,"桃園國際機場","大阪","星宇",124,37404,32573,87.0843
2025,4,"桃園國際機場","大阪","星宇",120,36486,31824,87.2225
2025,5,"桃園國際機場","大阪","星宇",124,37926,30288,79.8608
2025,6,"桃園國際機場","大阪","星宇",120,36720,31165,84.8720
2025,7,"桃園國際機場","大阪","星宇",124,37926,31111,82.0308
2025,8,"桃園國際機場","大阪","星宇",123,37602,33203,88.3012
2025,9,"桃園國際機場","大阪","星宇",118,36072,27902,77.3509
2026,1,"桃園國際機場","大阪","星宇",124,37168,32620,87.7637
2026,2,"桃園國際機場","大阪","星宇",112,33822,32135,95.0121
2026,3,"桃園國際機場","大阪","星宇",124,37132,35166,94.7054
2026,4,"桃園國際機場","大阪","星宇",120,36684,31174,84.9798
2026,5,"桃園國際機場","大阪","星宇",124,37474,30674,81.8541
2024,10,"桃園國際機場","札幌","星宇",61,18117,16952,93.5696
2024,11,"桃園國際機場","札幌","星宇",61,12231,11642,95.1844
2024,12,"桃園國際機場","札幌","星宇",62,18414,18129,98.4523
2024,1,"桃園國際機場","札幌","星宇",62,18414,17800,96.6656
2024,2,"桃園國際機場","札幌","星宇",58,17226,16864,97.8985
2024,3,"桃園國際機場","札幌","星宇",62,18196,16676,91.6465
2024,4,"桃園國際機場","札幌","星宇",60,15858,12411,78.2633
2024,5,"桃園國際機場","札幌","星宇",62,17760,13579,76.4583
2024,6,"桃園國際機場","札幌","星宇",60,16294,15341,94.1512
2024,7,"桃園國際機場","札幌","星宇",62,18414,17887,97.1380
2024,8,"桃園國際機場","札幌","星宇",62,18414,17845,96.9100
2024,9,"桃園國際機場","札幌","星宇",60,17166,15345,89.3918
2025,10,"桃園國際機場","札幌","星宇",62,18414,16004,86.9121
2025,11,"桃園國際機場","札幌","星宇",60,17820,16179,90.7912
2025,12,"桃園國際機場","札幌","星宇",62,18414,17529,95.1939
2025,1,"桃園國際機場","札幌","星宇",62,18414,18284,99.2940
2025,2,"桃園國際機場","札幌","星宇",56,16632,16491,99.1522
2025,3,"桃園國際機場","札幌","星宇",62,18414,17240,93.6244
2025,4,"桃園國際機場","札幌","星宇",60,17820,13352,74.9270
2025,5,"桃園國際機場","札幌","星宇",62,18414,13796,74.9213
2025,6,"桃園國際機場","札幌","星宇",60,17820,14501,81.3749
2025,7,"桃園國際機場","札幌","星宇",62,18414,17278,93.8308
2025,8,"桃園國際機場","札幌","星宇",62,18414,16883,91.6857
2025,9,"桃園國際機場","札幌","星宇",60,17820,14467,81.1841
2026,1,"桃園國際機場","札幌","星宇",62,18414,17584,95.4926
2026,2,"桃園國際機場","札幌","星宇",56,16632,16255,97.7333
2026,3,"桃園國際機場","札幌","星宇",62,18468,18319,99.1932
2026,4,"桃園國際機場","札幌","星宇",60,18090,15939,88.1095
2026,5,"桃園國際機場","札幌","星宇",62,18810,16143,85.8214
2024,10,"桃園國際機場","吉隆坡","星宇",56,10528,8712,82.7508
2024,11,"桃園國際機場","吉隆坡","星宇",42,7896,7091,89.8050
2024,12,"桃園國際機場","吉隆坡","星宇",44,8272,7816,94.4874
2024,1,"桃園國際機場","吉隆坡","星宇",62,11656,8999,77.2049
2024,2,"桃園國際機場","吉隆坡","星宇",58,10904,9649,88.4905
2024,3,"桃園國際機場","吉隆坡","星宇",62,11656,9681,83.0559
2024,4,"桃園國際機場","吉隆坡","星宇",60,11280,8809,78.0940
2024,5,"桃園國際機場","吉隆坡","星宇",62,11656,8254,70.8133
2024,6,"桃園國際機場","吉隆坡","星宇",60,11280,9648,85.5319
2024,7,"桃園國際機場","吉隆坡","星宇",60,11280,10247,90.8422
2024,8,"桃園國際機場","吉隆坡","星宇",58,10904,9603,88.0686
2024,9,"桃園國際機場","吉隆坡","星宇",54,10152,8213,80.9003
2025,10,"桃園國際機場","吉隆坡","星宇",44,8272,7161,86.5691
2025,11,"桃園國際機場","吉隆坡","星宇",44,8272,7183,86.8351
2025,12,"桃園國際機場","吉隆坡","星宇",44,8272,7691,92.9763
2025,1,"桃園國際機場","吉隆坡","星宇",42,7896,7195,91.1221
2025,2,"桃園國際機場","吉隆坡","星宇",40,7520,6875,91.4229
2025,3,"桃園國際機場","吉隆坡","星宇",44,8272,7177,86.7626
2025,4,"桃園國際機場","吉隆坡","星宇",42,7896,7029,89.0198
2025,5,"桃園國際機場","吉隆坡","星宇",44,8272,6800,82.2050
2025,6,"桃園國際機場","吉隆坡","星宇",44,8272,7556,91.3443
2025,7,"桃園國際機場","吉隆坡","星宇",44,8272,8058,97.4130
2025,8,"桃園國際機場","吉隆坡","星宇",44,8272,7557,91.3564
2025,9,"桃園國際機場","吉隆坡","星宇",42,7896,6687,84.6884
2026,1,"桃園國際機場","吉隆坡","星宇",44,8272,7290,88.1286
2026,2,"桃園國際機場","吉隆坡","星宇",40,7520,6830,90.8245
2026,3,"桃園國際機場","吉隆坡","星宇",44,8272,7502,90.6915
2026,4,"桃園國際機場","吉隆坡","星宇",44,8272,7283,88.0440
2026,5,"桃園國際機場","吉隆坡","星宇",44,8272,7150,86.4362
2024,10,"桃園國際機場","名古屋","星宇",60,11280,9903,87.7926
2024,11,"桃園國際機場","名古屋","星宇",60,11280,10291,91.2323
2024,12,"桃園國際機場","名古屋","星宇",62,11656,10567,90.6572
2024,1,"桃園國際機場","名古屋","星宇",66,12408,11352,91.4894
2024,2,"桃園國際機場","名古屋","星宇",66,12408,11688,94.1973
2024,3,"桃園國際機場","名古屋","星宇",62,11656,10892,93.4454
2024,4,"桃園國際機場","名古屋","星宇",60,11716,9936,84.8071
2024,5,"桃園國際機場","名古屋","星宇",62,11656,10163,87.1911
2024,6,"桃園國際機場","名古屋","星宇",60,11280,10591,93.8918
2024,7,"桃園國際機場","名古屋","星宇",62,11656,11007,94.4321
2024,8,"桃園國際機場","名古屋","星宇",62,11656,10875,93.2996
2024,9,"桃園國際機場","名古屋","星宇",60,11280,9764,86.5603
2025,10,"桃園國際機場","名古屋","星宇",62,17124,15250,89.0563
2025,11,"桃園國際機場","名古屋","星宇",60,11280,10309,91.3918
2025,12,"桃園國際機場","名古屋","星宇",62,11656,10630,91.1977
2025,1,"桃園國際機場","名古屋","星宇",62,11656,10798,92.6390
2025,2,"桃園國際機場","名古屋","星宇",56,10746,10031,93.3464
2025,3,"桃園國際機場","名古屋","星宇",62,12092,11193,92.5653
2025,4,"桃園國際機場","名古屋","星宇",60,17820,15449,86.6947
2025,5,"桃園國際機場","名古屋","星宇",62,18414,14954,81.2099
2025,6,"桃園國際機場","名古屋","星宇",60,11280,9830,87.1454
2025,7,"桃園國際機場","名古屋","星宇",62,11656,10686,91.6781
2025,8,"桃園國際機場","名古屋","星宇",62,11656,10682,91.6438
2025,9,"桃園國際機場","名古屋","星宇",60,16530,12646,76.5033
2026,1,"桃園國際機場","名古屋","星宇",62,11874,11042,92.9931
2026,2,"桃園國際機場","名古屋","星宇",66,12408,11891,95.8333
2026,3,"桃園國際機場","名古屋","星宇",62,12310,11736,95.3371
2026,4,"桃園國際機場","名古屋","星宇",60,17820,16211,90.9708
2026,5,"桃園國際機場","名古屋","星宇",62,18414,16450,89.3342
2024,10,"桃園國際機場","西雅圖","星宇",26,7956,6056,76.1187
2024,11,"桃園國際機場","西雅圖","星宇",26,7956,6614,83.1322
2024,12,"桃園國際機場","西雅圖","星宇",27,8262,6753,81.7357
2024,8,"桃園國際機場","西雅圖","星宇",13,3978,3488,87.6823
2024,9,"桃園國際機場","西雅圖","星宇",26,7956,6411,80.5807
2025,10,"桃園國際機場","西雅圖","星宇",62,18972,14491,76.3810
2025,11,"桃園國際機場","西雅圖","星宇",60,18360,13931,75.8769
2025,12,"桃園國際機場","西雅圖","星宇",62,18972,14106,74.3517
2025,1,"桃園國際機場","西雅圖","星宇",27,8262,7644,92.5200
2025,2,"桃園國際機場","西雅圖","星宇",24,7344,6630,90.2778
2025,3,"桃園國際機場","西雅圖","星宇",61,18666,14467,77.5046
2025,4,"桃園國際機場","西雅圖","星宇",60,18360,13904,75.7298
2025,5,"桃園國際機場","西雅圖","星宇",62,18972,14442,76.1227
2025,6,"桃園國際機場","西雅圖","星宇",60,18360,14646,79.7712
2025,7,"桃園國際機場","西雅圖","星宇",62,18972,15021,79.1746
2025,8,"桃園國際機場","西雅圖","星宇",62,18972,16095,84.8355
2025,9,"桃園國際機場","西雅圖","星宇",60,18360,13491,73.4804
2026,1,"桃園國際機場","西雅圖","星宇",62,18972,15323,80.7664
2026,2,"桃園國際機場","西雅圖","星宇",56,17136,14602,85.2124
2026,3,"桃園國際機場","西雅圖","星宇",62,18972,17803,93.8383
2026,4,"桃園國際機場","西雅圖","星宇",60,18360,15170,82.6253
2026,5,"桃園國際機場","西雅圖","星宇",62,18972,16378,86.3272
2024,10,"桃園國際機場","東京成田","星宇",176,52862,44168,83.5534
2024,11,"桃園國際機場","東京成田","星宇",120,36450,34533,94.7407
2024,12,"桃園國際機場","東京成田","星宇",186,50292,46370,92.2015
2024,1,"桃園國際機場","東京成田","星宇",186,48606,43291,89.0651
2024,2,"桃園國際機場","東京成田","星宇",174,45242,42561,94.0741
2024,3,"桃園國際機場","東京成田","星宇",185,50507,46950,92.9574
2024,4,"桃園國際機場","東京成田","星宇",181,53643,42454,79.1417
2024,5,"桃園國際機場","東京成田","星宇",186,54928,43766,79.6789
2024,6,"桃園國際機場","東京成田","星宇",180,54000,48291,89.4278
2024,7,"桃園國際機場","東京成田","星宇",183,54981,48506,88.2232
2024,8,"桃園國際機場","東京成田","星宇",187,56421,51909,92.0030
2024,9,"桃園國際機場","東京成田","星宇",180,53670,43980,81.9452
2025,10,"桃園國際機場","東京成田","星宇",186,50690,43143,85.1115
2025,11,"桃園國際機場","東京成田","星宇",180,48000,44059,91.7896
2025,12,"桃園國際機場","東京成田","星宇",186,51562,47719,92.5468
2025,1,"桃園國際機場","東京成田","星宇",186,50890,46738,91.8412
2025,2,"桃園國際機場","東京成田","星宇",168,46980,44626,94.9894
2025,3,"桃園國際機場","東京成田","星宇",186,52452,46853,89.3255
2025,4,"桃園國際機場","東京成田","星宇",180,51270,42293,82.4907
2025,5,"桃園國際機場","東京成田","星宇",186,53848,42624,79.1561
2025,6,"桃園國際機場","東京成田","星宇",180,48236,40626,84.2234
2025,7,"桃園國際機場","東京成田","星宇",186,50036,42687,85.3126
2025,8,"桃園國際機場","東京成田","星宇",184,53602,45843,85.5248
2025,9,"桃園國際機場","東京成田","星宇",178,52856,38508,72.8545
2026,1,"桃園國際機場","東京成田","星宇",186,50254,48060,95.6342
2026,2,"桃園國際機場","東京成田","星宇",168,47870,46104,96.3108
2026,3,"桃園國際機場","東京成田","星宇",190,56786,55391,97.5434
2026,4,"桃園國際機場","東京成田","星宇",180,59208,50990,86.1201
2026,5,"桃園國際機場","東京成田","星宇",186,61726,50766,82.2441
2024,10,"桃園國際機場","河內","星宇",61,11468,9990,87.1120
2024,11,"桃園國際機場","河內","星宇",61,12122,10594,87.3948
2024,12,"桃園國際機場","河內","星宇",68,12784,10243,80.1236
2024,1,"桃園國際機場","河內","星宇",62,11656,8611,73.8761
2024,2,"桃園國際機場","河內","星宇",58,10904,8365,76.7150
2024,3,"桃園國際機場","河內","星宇",62,11656,10683,91.6524
2024,4,"桃園國際機場","河內","星宇",60,11280,10246,90.8333
2024,5,"桃園國際機場","河內","星宇",62,11656,9361,80.3106
2024,6,"桃園國際機場","河內","星宇",60,11280,9784,86.7376
2024,7,"桃園國際機場","河內","星宇",62,11656,10468,89.8078
2024,8,"桃園國際機場","河內","星宇",60,11280,9818,87.0390
2024,9,"桃園國際機場","河內","星宇",58,10904,8939,81.9791
2025,10,"桃園國際機場","河內","星宇",63,11844,11350,95.8291
2025,11,"桃園國際機場","河內","星宇",60,11280,10487,92.9699
2025,12,"桃園國際機場","河內","星宇",62,11656,10065,86.3504
2025,1,"桃園國際機場","河內","星宇",72,13536,10771,79.5730
2025,2,"桃園國際機場","河內","星宇",64,12032,10276,85.4056
2025,3,"桃園國際機場","河內","星宇",70,13160,11736,89.1793
2025,4,"桃園國際機場","河內","星宇",60,11280,10091,89.4592
2025,5,"桃園國際機場","河內","星宇",62,11656,8959,76.8617
2025,6,"桃園國際機場","河內","星宇",60,11280,9301,82.4557
2025,7,"桃園國際機場","河內","星宇",62,11656,10345,88.7526
2025,8,"桃園國際機場","河內","星宇",62,11656,10324,88.5724
2025,9,"桃園國際機場","河內","星宇",57,10716,8832,82.4188
2026,1,"桃園國際機場","河內","星宇",62,11656,9847,84.4801
2026,2,"桃園國際機場","河內","星宇",56,10528,8797,83.5581
2026,3,"桃園國際機場","河內","星宇",62,12836,11480,89.4360
2026,4,"桃園國際機場","河內","星宇",60,11280,10724,95.0709
2026,5,"桃園國際機場","河內","星宇",62,11656,10613,91.0518
2025,10,"桃園國際機場","安大略","星宇",36,11016,7005,63.5893
2025,11,"桃園國際機場","安大略","星宇",32,9792,7300,74.5507
2025,12,"桃園國際機場","安大略","星宇",36,11016,8443,76.6431
2025,6,"桃園國際機場","安大略","星宇",33,10098,7623,75.4902
2025,7,"桃園國際機場","安大略","星宇",34,10404,7976,76.6628
2025,8,"桃園國際機場","安大略","星宇",36,11016,7527,68.3279
2025,9,"桃園國際機場","安大略","星宇",34,10404,5893,56.6417
2026,1,"桃園國際機場","安大略","星宇",35,10710,9076,84.7432
2026,2,"桃園國際機場","安大略","星宇",32,9792,8757,89.4301
2026,3,"桃園國際機場","安大略","星宇",35,10710,9992,93.2960
2026,4,"桃園國際機場","安大略","星宇",34,10404,8817,84.7463
2026,5,"桃園國際機場","安大略","星宇",36,11016,8909,80.8733
2024,10,"桃園國際機場","洛杉磯","星宇",63,19278,13681,70.9669
2024,11,"桃園國際機場","洛杉磯","星宇",60,18360,15008,81.7429
2024,12,"桃園國際機場","洛杉磯","星宇",71,21726,18214,83.8350
2024,1,"桃園國際機場","洛杉磯","星宇",61,18666,15848,84.9030
2024,2,"桃園國際機場","洛杉磯","星宇",59,18054,14736,81.6218
2024,3,"桃園國際機場","洛杉磯","星宇",61,18666,15918,85.2780
2024,4,"桃園國際機場","洛杉磯","星宇",60,18360,15389,83.8181
2024,5,"桃園國際機場","洛杉磯","星宇",62,18972,15501,81.7046
2024,6,"桃園國際機場","洛杉磯","星宇",61,18666,17239,92.3551
2024,7,"桃園國際機場","洛杉磯","星宇",61,18666,17056,91.3747
2024,8,"桃園國際機場","洛杉磯","星宇",62,18972,16239,85.5946
2024,9,"桃園國際機場","洛杉磯","星宇",60,18360,12681,69.0686
2025,10,"桃園國際機場","洛杉磯","星宇",88,26928,16457,61.1148
2025,11,"桃園國際機場","洛杉磯","星宇",74,22644,16410,72.4695
2025,12,"桃園國際機場","洛杉磯","星宇",81,24786,19705,79.5005
2025,1,"桃園國際機場","洛杉磯","星宇",87,26622,22417,84.2048
2025,2,"桃園國際機場","洛杉磯","星宇",80,24480,17900,73.1209
2025,3,"桃園國際機場","洛杉磯","星宇",88,26928,18784,69.7564
2025,4,"桃園國際機場","洛杉磯","星宇",86,26316,19761,75.0912
2025,5,"桃園國際機場","洛杉磯","星宇",89,27234,18471,67.8233
2025,6,"桃園國際機場","洛杉磯","星宇",85,26010,19425,74.6828
2025,7,"桃園國際機場","洛杉磯","星宇",90,27540,21276,77.2549
2025,8,"桃園國際機場","洛杉磯","星宇",88,26928,18469,68.5866
2025,9,"桃園國際機場","洛杉磯","星宇",78,23868,11821,49.5266
2026,1,"桃園國際機場","洛杉磯","星宇",70,21420,17981,83.9449
2026,2,"桃園國際機場","洛杉磯","星宇",57,17442,15096,86.5497
2026,3,"桃園國際機場","洛杉磯","星宇",61,18666,17502,93.7641
2026,4,"桃園國際機場","洛杉磯","星宇",60,18360,15665,85.3214
2026,5,"桃園國際機場","洛杉磯","星宇",62,18972,15671,82.6007
2024,10,"桃園國際機場","胡志明市","星宇",100,18800,13190,70.1596
2024,11,"桃園國際機場","胡志明市","星宇",94,17672,13090,74.0720
2024,12,"桃園國際機場","胡志明市","星宇",100,18800,13974,74.3298
2024,1,"桃園國際機場","胡志明市","星宇",36,6768,4716,69.6809
2024,2,"桃園國際機場","胡志明市","星宇",36,6768,5642,83.3629
2024,3,"桃園國際機場","胡志明市","星宇",45,8460,7101,83.9362
2024,4,"桃園國際機場","胡志明市","星宇",91,17108,13833,80.8569
2024,5,"桃園國際機場","胡志明市","星宇",112,21056,14322,68.0186
2024,6,"桃園國際機場","胡志明市","星宇",106,19928,17271,86.6670
2024,7,"桃園國際機場","胡志明市","星宇",114,21432,19436,90.6868
2024,8,"桃園國際機場","胡志明市","星宇",108,20304,17532,86.3475
2024,9,"桃園國際機場","胡志明市","星宇",100,18800,14881,79.1543
2025,10,"桃園國際機場","胡志明市","星宇",124,30156,22789,75.5704
2025,11,"桃園國際機場","胡志明市","星宇",120,30820,22237,72.1512
2025,12,"桃園國際機場","胡志明市","星宇",124,31572,23981,75.9565
2025,1,"桃園國際機場","胡志明市","星宇",112,27120,21953,80.9476
2025,2,"桃園國際機場","胡志明市","星宇",104,26596,21633,81.3393
2025,3,"桃園國際機場","胡志明市","星宇",124,29540,22619,76.5708
2025,4,"桃園國際機場","胡志明市","星宇",102,25548,18543,72.5810
2025,5,"桃園國際機場","胡志明市","星宇",124,30628,19803,64.6565
2025,6,"桃園國際機場","胡志明市","星宇",120,35926,24362,67.8116
2025,7,"桃園國際機場","胡志明市","星宇",124,37386,31790,85.0318
2025,8,"桃園國際機場","胡志明市","星宇",124,37386,30217,80.8244
2025,9,"桃園國際機場","胡志明市","星宇",118,30572,19485,63.7348
2026,1,"桃園國際機場","胡志明市","星宇",123,31230,25980,83.1892
2026,2,"桃園國際機場","胡志明市","星宇",112,33732,28637,84.8956
2026,3,"桃園國際機場","胡志明市","星宇",124,35860,30143,84.0574
2026,4,"桃園國際機場","胡志明市","星宇",120,22560,19170,84.9734
2026,5,"桃園國際機場","胡志明市","星宇",96,24802,20419,82.3280
2024,10,"桃園國際機場","香港","星宇",122,35106,22243,63.3595
2024,11,"桃園國際機場","香港","星宇",114,27554,15900,57.7049
2024,12,"桃園國際機場","香港","星宇",122,29040,18887,65.0379
2024,7,"桃園國際機場","香港","星宇",62,18522,13914,75.1215
2024,8,"桃園國際機場","香港","星宇",124,31758,25447,80.1278
2024,9,"桃園國際機場","香港","星宇",116,34014,21714,63.8384
2025,10,"桃園國際機場","香港","星宇",118,30122,22287,73.9891
2025,11,"桃園國際機場","香港","星宇",109,26923,18617,69.1491
2025,12,"桃園國際機場","香港","星宇",124,28180,21132,74.9894
2025,1,"桃園國際機場","香港","星宇",124,30124,19706,65.4163
2025,2,"桃園國際機場","香港","星宇",114,27118,17254,63.6256
2025,3,"桃園國際機場","香港","星宇",124,28598,17949,62.7631
2025,4,"桃園國際機場","香港","星宇",120,32676,23397,71.6030
2025,5,"桃園國際機場","香港","星宇",124,33932,23011,67.8150
2025,6,"桃園國際機場","香港","星宇",118,29482,21381,72.5222
2025,7,"桃園國際機場","香港","星宇",118,29464,20217,68.6159
2025,8,"桃園國際機場","香港","星宇",98,27014,19069,70.5893
2025,9,"桃園國際機場","香港","星宇",100,29042,18982,65.3605
2026,1,"桃園國際機場","香港","星宇",124,28162,18511,65.7304
2026,2,"桃園國際機場","香港","星宇",114,27372,21569,78.7995
2026,3,"桃園國際機場","香港","星宇",120,28010,22191,79.2253
2026,4,"桃園國際機場","香港","星宇",120,34836,29053,83.3994
2026,5,"桃園國際機場","香港","星宇",124,32686,26249,80.3066
2024,1,"桃園國際機場","馬尼拉","星宇",28,5264,4152,78.8754
2024,2,"桃園國際機場","馬尼拉","星宇",24,4512,3117,69.0824
2024,3,"桃園國際機場","馬尼拉","星宇",26,4888,2658,54.3781
2025,12,"桃園國際機場","馬尼拉","星宇",32,6016,5303,88.1483
2026,1,"桃園國際機場","馬尼拉","星宇",62,11656,9618,82.5154
2026,2,"桃園國際機場","馬尼拉","星宇",56,10528,8453,80.2907
2026,3,"桃園國際機場","馬尼拉","星宇",62,11656,9764,83.7680
2026,4,"桃園國際機場","馬尼拉","星宇",60,11280,8815,78.1472
2026,5,"桃園國際機場","馬尼拉","星宇",62,11656,9168,78.6548
2024,10,"桃園國際機場","曼谷蘇凡納布","星宇",123,29299,26879,91.7403
2024,11,"桃園國際機場","曼谷蘇凡納布","星宇",121,33283,30777,92.4706
2024,12,"桃園國際機場","曼谷蘇凡納布","星宇",118,30394,28567,93.9889
2024,1,"桃園國際機場","曼谷蘇凡納布","星宇",140,26974,24490,90.7911
2024,2,"桃園國際機場","曼谷蘇凡納布","星宇",122,24898,22851,91.7785
2024,3,"桃園國際機場","曼谷蘇凡納布","星宇",112,24580,23531,95.7323
2024,4,"桃園國際機場","曼谷蘇凡納布","星宇",98,18424,17530,95.1476
2024,5,"桃園國際機場","曼谷蘇凡納布","星宇",108,21830,19142,87.6867
2024,6,"桃園國際機場","曼谷蘇凡納布","星宇",120,24086,21780,90.4260
2024,7,"桃園國際機場","曼谷蘇凡納布","星宇",122,26442,23818,90.0764
2024,8,"桃園國際機場","曼谷蘇凡納布","星宇",124,26800,25027,93.3843
2024,9,"桃園國際機場","曼谷蘇凡納布","星宇",120,26538,23648,89.1100
2025,10,"桃園國際機場","曼谷蘇凡納布","星宇",124,26852,23817,88.6973
2025,11,"桃園國際機場","曼谷蘇凡納布","星宇",120,29640,26618,89.8043
2025,12,"桃園國際機場","曼谷蘇凡納布","星宇",124,34404,31616,91.8963
2025,1,"桃園國際機場","曼谷蘇凡納布","星宇",122,35012,32053,91.5486
2025,2,"桃園國際機場","曼谷蘇凡納布","星宇",108,31344,28682,91.5071
2025,3,"桃園國際機場","曼谷蘇凡納布","星宇",128,33652,29548,87.8046
2025,4,"桃園國際機場","曼谷蘇凡納布","星宇",120,29640,24764,83.5493
2025,5,"桃園國際機場","曼谷蘇凡納布","星宇",124,30628,24477,79.9171
2025,6,"桃園國際機場","曼谷蘇凡納布","星宇",120,29640,24721,83.4042
2025,7,"桃園國際機場","曼谷蘇凡納布","星宇",124,30628,26556,86.7050
2025,8,"桃園國際機場","曼谷蘇凡納布","星宇",124,30628,27631,90.2148
2025,9,"桃園國際機場","曼谷蘇凡納布","星宇",118,29246,24059,82.2642
2026,1,"桃園國際機場","曼谷蘇凡納布","星宇",124,37944,33345,87.8795
2026,2,"桃園國際機場","曼谷蘇凡納布","星宇",112,33800,30940,91.5385
2026,3,"桃園國際機場","曼谷蘇凡納布","星宇",124,31810,29514,92.7821
2026,4,"桃園國際機場","曼谷蘇凡納布","星宇",120,32910,29973,91.0757
2026,5,"桃園國際機場","曼谷蘇凡納布","星宇",102,30468,26249,86.1527
2024,10,"桃園國際機場","雅加達","星宇",38,7144,3950,55.2912
2024,11,"桃園國際機場","雅加達","星宇",22,4136,2065,49.9275
2024,12,"桃園國際機場","雅加達","星宇",22,4136,2856,69.0522
2024,9,"桃園國際機場","雅加達","星宇",40,7520,4782,63.5904
2025,10,"桃園國際機場","雅加達","星宇",32,6016,3240,53.8564
2025,11,"桃園國際機場","雅加達","星宇",32,6016,2810,46.7088
2025,12,"桃園國際機場","雅加達","星宇",28,5264,3889,73.8792
2025,1,"桃園國際機場","雅加達","星宇",34,6392,4165,65.1596
2025,2,"桃園國際機場","雅加達","星宇",36,6768,4059,59.9734
2025,3,"桃園國際機場","雅加達","星宇",44,8272,4695,56.7577
2025,4,"桃園國際機場","雅加達","星宇",44,8272,6088,73.5977
2025,5,"桃園國際機場","雅加達","星宇",44,8272,4237,51.2210
2025,6,"桃園國際機場","雅加達","星宇",42,7896,5118,64.8176
2025,7,"桃園國際機場","雅加達","星宇",44,8272,5248,63.4429
2025,8,"桃園國際機場","雅加達","星宇",44,8272,5363,64.8332
2025,9,"桃園國際機場","雅加達","星宇",28,5264,3157,59.9734
2026,1,"桃園國際機場","雅加達","星宇",36,6768,4094,60.4905
2026,2,"桃園國際機場","雅加達","星宇",40,7520,4867,64.7207
2026,3,"桃園國際機場","雅加達","星宇",44,8272,7339,88.7210
2026,4,"桃園國際機場","雅加達","星宇",42,7896,5855,74.1515
2026,5,"桃園國際機場","雅加達","星宇",26,4888,4135,84.5949
2024,10,"桃園國際機場","新加坡","星宇",61,14064,11180,79.4937
2024,11,"桃園國際機場","新加坡","星宇",60,14820,12996,87.6923
2024,12,"桃園國際機場","新加坡","星宇",62,18500,16840,91.0270
2024,1,"桃園國際機場","新加坡","星宇",62,18972,14728,77.6302
2024,2,"桃園國際機場","新加坡","星宇",58,17494,14770,84.4289
2024,3,"桃園國際機場","新加坡","星宇",62,18936,15712,82.9742
2024,4,"桃園國際機場","新加坡","星宇",60,18360,14080,76.6885
2024,5,"桃園國際機場","新加坡","星宇",62,18972,12539,66.0921
2024,6,"桃園國際機場","新加坡","星宇",60,18360,15141,82.4673
2024,7,"桃園國際機場","新加坡","星宇",60,17416,14133,81.1495
2024,8,"桃園國際機場","新加坡","星宇",62,14234,12104,85.0358
2024,9,"桃園國際機場","新加坡","星宇",60,16708,12038,72.0493
2025,10,"桃園國際機場","新加坡","星宇",62,18414,13877,75.3611
2025,11,"桃園國際機場","新加坡","星宇",60,18234,13089,71.7835
2025,12,"桃園國際機場","新加坡","星宇",62,18612,17226,92.5532
2025,1,"桃園國際機場","新加坡","星宇",62,13072,11429,87.4312
2025,2,"桃園國際機場","新加坡","星宇",56,10528,8939,84.9069
2025,3,"桃園國際機場","新加坡","星宇",62,12092,9969,82.4429
2025,4,"桃園國際機場","新加坡","星宇",60,17820,13381,75.0898
2025,5,"桃園國際機場","新加坡","星宇",62,18414,13891,75.4372
2025,6,"桃園國際機場","新加坡","星宇",60,17820,13833,77.6263
2025,7,"桃園國際機場","新加坡","星宇",62,18414,15757,85.5708
2025,8,"桃園國際機場","新加坡","星宇",62,18414,15344,83.3279
2025,9,"桃園國際機場","新加坡","星宇",60,17838,9832,55.1183
2026,1,"桃園國際機場","新加坡","星宇",62,18414,13444,73.0097
2026,2,"桃園國際機場","新加坡","星宇",56,16632,15125,90.9392
2026,3,"桃園國際機場","新加坡","星宇",62,16724,14563,87.0785
2026,4,"桃園國際機場","新加坡","星宇",60,18342,13989,76.2676
2026,5,"桃園國際機場","新加坡","星宇",52,15912,11832,74.3590
2024,10,"桃園國際機場","福岡","星宇",62,12746,11436,89.7223
2024,11,"桃園國際機場","福岡","星宇",60,17602,15893,90.2909
2024,12,"桃園國際機場","福岡","星宇",62,15580,14116,90.6033
2024,1,"桃園國際機場","福岡","星宇",62,11656,9620,82.5326
2024,2,"桃園國際機場","福岡","星宇",58,10904,9893,90.7282
2024,3,"桃園國際機場","福岡","星宇",62,11656,10695,91.7553
2024,4,"桃園國際機場","福岡","星宇",60,11280,10146,89.9468
2024,5,"桃園國際機場","福岡","星宇",62,11656,9926,85.1579
2024,6,"桃園國際機場","福岡","星宇",60,11280,10689,94.7606
2024,7,"桃園國際機場","福岡","星宇",62,11656,10811,92.7505
2024,8,"桃園國際機場","福岡","星宇",62,11874,11060,93.1447
2024,9,"桃園國際機場","福岡","星宇",60,11280,10324,91.5248
2025,10,"桃園國際機場","福岡","星宇",62,12964,12126,93.5359
2025,11,"桃園國際機場","福岡","星宇",60,17820,16457,92.3513
2025,12,"桃園國際機場","福岡","星宇",62,18414,17017,92.4134
2025,1,"桃園國際機場","福岡","星宇",62,17324,15323,88.4495
2025,2,"桃園國際機場","福岡","星宇",56,16632,14701,88.3899
2025,3,"桃園國際機場","福岡","星宇",62,17978,16565,92.1404
2025,4,"桃園國際機場","福岡","星宇",60,11280,10607,94.0337
2025,5,"桃園國際機場","福岡","星宇",62,12092,10832,89.5799
2025,6,"桃園國際機場","福岡","星宇",60,16948,15177,89.5504
2025,7,"桃園國際機場","福岡","星宇",62,17324,14962,86.3657
2025,8,"桃園國際機場","福岡","星宇",62,13182,12442,94.3863
2025,9,"桃園國際機場","福岡","星宇",58,10904,10345,94.8734
2026,1,"桃園國際機場","福岡","星宇",62,18414,17105,92.8913
2026,2,"桃園國際機場","福岡","星宇",58,17008,16275,95.6903
2026,3,"桃園國際機場","福岡","星宇",62,18414,17771,96.5081
2026,4,"桃園國際機場","福岡","星宇",72,20076,19220,95.7362
2026,5,"桃園國際機場","福岡","星宇",90,23678,22130,93.4623
2024,10,"桃園國際機場","澳門","星宇",120,22560,16861,74.7385
2024,11,"桃園國際機場","澳門","星宇",114,22122,17022,76.9460
2024,12,"桃園國際機場","澳門","星宇",124,23312,19050,81.7176
2024,1,"桃園國際機場","澳門","星宇",124,23312,16352,70.1441
2024,2,"桃園國際機場","澳門","星宇",116,22716,16832,74.0976
2024,3,"桃園國際機場","澳門","星宇",124,23312,16586,71.1479
2024,4,"桃園國際機場","澳門","星宇",116,21808,15769,72.3083
2024,5,"桃園國際機場","澳門","星宇",124,24184,17718,73.2633
2024,6,"桃園國際機場","澳門","星宇",118,22184,20230,91.1918
2024,7,"桃園國際機場","澳門","星宇",122,22936,20315,88.5725
2024,8,"桃園國際機場","澳門","星宇",120,23432,20506,87.5128
2024,9,"桃園國際機場","澳門","星宇",104,19770,15626,79.0389
2025,10,"桃園國際機場","澳門","星宇",122,23172,19678,84.9215
2025,11,"桃園國際機場","澳門","星宇",120,23032,20782,90.2310
2025,12,"桃園國際機場","澳門","星宇",124,25092,21272,84.7760
2025,1,"桃園國際機場","澳門","星宇",122,23626,18270,77.3301
2025,2,"桃園國際機場","澳門","星宇",112,22236,17170,77.2171
2025,3,"桃園國際機場","澳門","星宇",124,24238,18778,77.4734
2025,4,"桃園國際機場","澳門","星宇",120,22796,19220,84.3130
2025,5,"桃園國際機場","澳門","星宇",124,23984,20604,85.9073
2025,6,"桃園國際機場","澳門","星宇",118,22638,20270,89.5397
2025,7,"桃園國際機場","澳門","星宇",120,23232,20769,89.3982
2025,8,"桃園國際機場","澳門","星宇",122,23390,21558,92.1676
2025,9,"桃園國際機場","澳門","星宇",108,21012,18091,86.0984
2026,1,"桃園國際機場","澳門","星宇",122,25152,19955,79.3376
2026,2,"桃園國際機場","澳門","星宇",112,22800,19171,84.0833
2026,3,"桃園國際機場","澳門","星宇",124,25946,23471,90.4610
2026,4,"桃園國際機場","澳門","星宇",120,28228,24600,87.1475
2026,5,"桃園國際機場","澳門","星宇",124,31066,26097,84.0050
2024,10,"桃園國際機場","檳城","星宇",32,6016,4477,74.4182
2024,11,"桃園國際機場","檳城","星宇",24,4512,3314,73.4486
2024,12,"桃園國際機場","檳城","星宇",28,5264,4088,77.6596
2024,1,"桃園國際機場","檳城","星宇",36,6768,5035,74.3942
2024,2,"桃園國際機場","檳城","星宇",34,6392,5500,86.0451
2024,3,"桃園國際機場","檳城","星宇",34,6392,5450,85.2628
2024,4,"桃園國際機場","檳城","星宇",34,6392,4818,75.3755
2024,5,"桃園國際機場","檳城","星宇",36,6768,4447,65.7063
2024,6,"桃園國際機場","檳城","星宇",32,6016,5229,86.9182
2024,7,"桃園國際機場","檳城","星宇",34,6392,5162,80.7572
2024,8,"桃園國際機場","檳城","星宇",32,6016,5002,83.1449
2024,9,"桃園國際機場","檳城","星宇",34,6392,5033,78.7390
2025,1,"桃園國際機場","檳城","星宇",26,4888,3731,76.3298
2025,2,"桃園國際機場","檳城","星宇",24,4512,4256,94.3262
2025,3,"桃園國際機場","檳城","星宇",24,4512,4167,92.3537
2024,10,"桃園國際機場","舊金山","星宇",62,18972,12595,66.3873
2024,11,"桃園國際機場","舊金山","星宇",60,18360,13652,74.3573
2024,12,"桃園國際機場","舊金山","星宇",62,18972,15204,80.1392
2024,1,"桃園國際機場","舊金山","星宇",26,7956,6424,80.7441
2024,2,"桃園國際機場","舊金山","星宇",26,7956,6214,78.1046
2024,3,"桃園國際機場","舊金山","星宇",38,11628,9355,80.4524
2024,4,"桃園國際機場","舊金山","星宇",60,18360,12885,70.1797
2024,5,"桃園國際機場","舊金山","星宇",62,18972,12761,67.2623
2024,6,"桃園國際機場","舊金山","星宇",61,18666,15581,83.4726
2024,7,"桃園國際機場","舊金山","星宇",61,18666,15710,84.1637
2024,8,"桃園國際機場","舊金山","星宇",61,18666,14401,77.1510
2024,9,"桃園國際機場","舊金山","星宇",59,18054,10003,55.4060
2025,10,"桃園國際機場","舊金山","星宇",62,18972,12858,67.7736
2025,11,"桃園國際機場","舊金山","星宇",60,18360,14293,77.8486
2025,12,"桃園國際機場","舊金山","星宇",62,18972,15603,82.2423
2025,1,"桃園國際機場","舊金山","星宇",62,18972,17114,90.2066
2025,2,"桃園國際機場","舊金山","星宇",56,17136,13556,79.1083
2025,3,"桃園國際機場","舊金山","星宇",62,18972,14147,74.5678
2025,4,"桃園國際機場","舊金山","星宇",59,18054,14739,81.6384
2025,5,"桃園國際機場","舊金山","星宇",62,18972,13083,68.9595
2025,6,"桃園國際機場","舊金山","星宇",60,18360,14962,81.4924
2025,7,"桃園國際機場","舊金山","星宇",62,18972,14870,78.3787
2025,8,"桃園國際機場","舊金山","星宇",62,18972,13448,70.8834
2025,9,"桃園國際機場","舊金山","星宇",60,18360,9749,53.0991
2026,1,"桃園國際機場","舊金山","星宇",62,18972,15719,82.8537
2026,2,"桃園國際機場","舊金山","星宇",56,17136,14345,83.7127
2026,3,"桃園國際機場","舊金山","星宇",62,18972,17264,90.9973
2026,4,"桃園國際機場","舊金山","星宇",60,18360,15344,83.5730
2026,5,"桃園國際機場","舊金山","星宇",62,18972,15546,81.9418
2024,10,"桃園國際機場","宿霧","星宇",60,11280,6258,55.4787
2024,11,"桃園國際機場","宿霧","星宇",60,11280,6758,59.9113
2024,12,"桃園國際機場","宿霧","星宇",62,11656,8779,75.3174
2024,1,"桃園國際機場","宿霧","星宇",62,11656,8395,72.0230
2024,2,"桃園國際機場","宿霧","星宇",58,10904,9087,83.3364
2024,3,"桃園國際機場","宿霧","星宇",62,11656,7543,64.7135
2024,4,"桃園國際機場","宿霧","星宇",60,11280,8313,73.6968
2024,5,"桃園國際機場","宿霧","星宇",62,11656,8086,69.3720
2024,6,"桃園國際機場","宿霧","星宇",59,11092,9066,81.7346
2024,7,"桃園國際機場","宿霧","星宇",62,11656,10309,88.4437
2024,8,"桃園國際機場","宿霧","星宇",62,11656,9961,85.4581
2024,9,"桃園國際機場","宿霧","星宇",60,11280,7079,62.7571
2025,10,"桃園國際機場","宿霧","星宇",62,11656,7691,65.9832
2025,11,"桃園國際機場","宿霧","星宇",60,11280,7193,63.7677
2025,12,"桃園國際機場","宿霧","星宇",62,11656,8650,74.2107
2025,1,"桃園國際機場","宿霧","星宇",62,11656,9878,84.7461
2025,2,"桃園國際機場","宿霧","星宇",56,10528,7815,74.2306
2025,3,"桃園國際機場","宿霧","星宇",62,11656,7412,63.5896
2025,4,"桃園國際機場","宿霧","星宇",60,11280,8222,72.8901
2025,5,"桃園國際機場","宿霧","星宇",62,11656,8417,72.2117
2025,6,"桃園國際機場","宿霧","星宇",60,11280,9038,80.1241
2025,7,"桃園國際機場","宿霧","星宇",62,11656,9744,83.5964
2025,8,"桃園國際機場","宿霧","星宇",61,11468,9438,82.2986
2025,9,"桃園國際機場","宿霧","星宇",58,10904,5952,54.5855
2026,1,"桃園國際機場","宿霧","星宇",62,11656,9418,80.7996
2026,2,"桃園國際機場","宿霧","星宇",56,10528,8883,84.3750
2026,3,"桃園國際機場","宿霧","星宇",62,11656,8179,70.1699
2026,4,"桃園國際機場","宿霧","星宇",60,11280,9018,79.9468
2026,5,"桃園國際機場","宿霧","星宇",62,11656,9376,80.4393
2024,10,"桃園國際機場","峴港","星宇",58,16136,10512,65.1463
2024,11,"桃園國際機場","峴港","星宇",42,7896,6476,82.0162
2024,12,"桃園國際機場","峴港","星宇",46,8648,7432,85.9389
2024,1,"桃園國際機場","峴港","星宇",124,25274,18364,72.6597
2024,2,"桃園國際機場","峴港","星宇",116,25078,21090,84.0976
2024,3,"桃園國際機場","峴港","星宇",122,23154,21267,91.8502
2024,4,"桃園國際機場","峴港","星宇",60,17602,15238,86.5697
2024,5,"桃園國際機場","峴港","星宇",62,18414,14656,79.5916
2024,6,"桃園國際機場","峴港","星宇",60,17384,11977,68.8967
2024,7,"桃園國際機場","峴港","星宇",62,18414,14080,76.4636
2024,8,"桃園國際機場","峴港","星宇",62,18414,14136,76.7677
2024,9,"桃園國際機場","峴港","星宇",60,17384,10561,60.7513
2025,10,"桃園國際機場","峴港","星宇",44,8272,6747,81.5643
2025,11,"桃園國際機場","峴港","星宇",42,7896,5724,72.4924
2025,12,"桃園國際機場","峴港","星宇",44,8272,6026,72.8482
2025,1,"桃園國際機場","峴港","星宇",42,7896,7079,89.6530
2025,2,"桃園國際機場","峴港","星宇",40,7520,6736,89.5745
2025,3,"桃園國際機場","峴港","星宇",46,9084,8410,92.5804
2025,4,"桃園國際機場","峴港","星宇",42,7896,6947,87.9813
2025,5,"桃園國際機場","峴港","星宇",44,8272,6665,80.5730
2025,6,"桃園國際機場","峴港","星宇",44,8272,6876,83.1238
2025,7,"桃園國際機場","峴港","星宇",44,8272,7340,88.7331
2025,8,"桃園國際機場","峴港","星宇",44,8272,7277,87.9715
2025,9,"桃園國際機場","峴港","星宇",44,8272,6923,83.6920
2026,1,"桃園國際機場","峴港","星宇",44,8272,6707,81.0808
2026,2,"桃園國際機場","峴港","星宇",50,9836,8911,90.5958
2026,3,"桃園國際機場","峴港","星宇",46,9084,7793,85.7882
2026,4,"桃園國際機場","峴港","星宇",54,10152,8583,84.5449
2026,5,"桃園國際機場","峴港","星宇",70,13160,10294,78.2219
2026,1,"桃園國際機場","鳳凰城","星宇",14,4284,3466,80.9057
2026,2,"桃園國際機場","鳳凰城","星宇",24,7344,6077,82.7478
2026,3,"桃園國際機場","鳳凰城","星宇",35,10710,10060,93.9309
2026,4,"桃園國際機場","鳳凰城","星宇",34,10404,7878,75.7209
2026,5,"桃園國際機場","鳳凰城","星宇",35,10710,8343,77.8992
2024,10,"桃園國際機場","清邁","星宇",44,8272,7507,90.7519
2024,11,"桃園國際機場","清邁","星宇",26,4888,4634,94.8036
2024,12,"桃園國際機場","清邁","星宇",26,4888,4651,95.1514
2024,1,"桃園國際機場","清邁","星宇",20,3760,3482,92.6064
2024,2,"桃園國際機場","清邁","星宇",38,7144,6501,90.9994
2024,3,"桃園國際機場","清邁","星宇",30,5640,5223,92.6064
2024,4,"桃園國際機場","清邁","星宇",38,7144,6446,90.2296
2024,5,"桃園國際機場","清邁","星宇",54,10152,7437,73.2565
2024,6,"桃園國際機場","清邁","星宇",48,9024,7756,85.9486
2024,7,"桃園國際機場","清邁","星宇",42,7896,6951,88.0319
2024,8,"桃園國際機場","清邁","星宇",46,8648,8013,92.6573
2024,9,"桃園國際機場","清邁","星宇",38,7144,6125,85.7363
2025,10,"桃園國際機場","清邁","星宇",26,4888,4515,92.3691
2025,11,"桃園國際機場","清邁","星宇",26,4888,4496,91.9804
2025,12,"桃園國際機場","清邁","星宇",26,4888,4594,93.9853
2025,1,"桃園國際機場","清邁","星宇",52,9776,9003,92.0929
2025,2,"桃園國際機場","清邁","星宇",56,10528,9762,92.7242
2025,3,"桃園國際機場","清邁","星宇",26,4888,4510,92.2668
2025,4,"桃園國際機場","清邁","星宇",48,9024,6202,68.7278
2025,5,"桃園國際機場","清邁","星宇",38,7144,5248,73.4602
2025,6,"桃園國際機場","清邁","星宇",24,4512,4097,90.8023
2025,7,"桃園國際機場","清邁","星宇",28,5264,4895,92.9901
2025,8,"桃園國際機場","清邁","星宇",26,4888,4532,92.7169
2025,9,"桃園國際機場","清邁","星宇",26,4888,4350,88.9935
2026,1,"桃園國際機場","清邁","星宇",28,5264,4990,94.7948
2026,2,"桃園國際機場","清邁","星宇",34,6392,6034,94.3992
2026,3,"桃園國際機場","清邁","星宇",26,4888,4521,92.4918
2026,4,"桃園國際機場","清邁","星宇",26,4888,4353,89.0548
2026,5,"桃園國際機場","清邁","星宇",26,4888,4275,87.4591
2024,2,"桃園國際機場","關島","星宇",4,752,707,94.0160
2025,1,"桃園國際機場","關島","星宇",6,1128,1054,93.4397
2025,2,"桃園國際機場","關島","星宇",2,376,351,93.3511
2026,2,"桃園國際機場","關島","星宇",8,1504,1411,93.8165
2024,10,"桃園國際機場","仙台","星宇",61,12449,11598,93.1641
2024,11,"桃園國際機場","仙台","星宇",61,18117,17046,94.0884
2024,12,"桃園國際機場","仙台","星宇",62,18414,17057,92.6306
2024,1,"桃園國際機場","仙台","星宇",62,11656,10904,93.5484
2024,2,"桃園國際機場","仙台","星宇",58,10904,10575,96.9828
2024,3,"桃園國際機場","仙台","星宇",62,11656,9932,85.2093
2024,4,"桃園國際機場","仙台","星宇",60,11280,9566,84.8050
2024,5,"桃園國際機場","仙台","星宇",62,11656,8696,74.6054
2024,6,"桃園國際機場","仙台","星宇",60,11280,10330,91.5780
2024,7,"桃園國際機場","仙台","星宇",62,11656,10479,89.9022
2024,8,"桃園國際機場","仙台","星宇",62,11656,10956,93.9945
2024,9,"桃園國際機場","仙台","星宇",60,11280,10190,90.3369
2025,10,"桃園國際機場","仙台","星宇",62,18414,16353,88.8074
2025,11,"桃園國際機場","仙台","星宇",60,17820,16698,93.7037
2025,12,"桃園國際機場","仙台","星宇",62,18414,17607,95.6175
2025,1,"桃園國際機場","仙台","星宇",62,18414,17400,94.4933
2025,2,"桃園國際機場","仙台","星宇",56,16632,16271,97.8295
2025,3,"桃園國際機場","仙台","星宇",62,18414,17002,92.3319
2025,4,"桃園國際機場","仙台","星宇",60,17820,14350,80.5275
2025,5,"桃園國際機場","仙台","星宇",62,18414,13499,73.3084
2025,6,"桃園國際機場","仙台","星宇",60,17820,13972,78.4063
2025,7,"桃園國際機場","仙台","星宇",60,17820,14122,79.2480
2025,8,"桃園國際機場","仙台","星宇",62,18414,15833,85.9835
2025,9,"桃園國際機場","仙台","星宇",58,17226,13789,80.0476
2026,1,"桃園國際機場","仙台","星宇",62,18414,18013,97.8223
2026,2,"桃園國際機場","仙台","星宇",56,16632,16302,98.0159
2026,3,"桃園國際機場","仙台","星宇",62,18414,17881,97.1055
2026,4,"桃園國際機場","仙台","星宇",60,17820,16120,90.4602
2026,5,"桃園國際機場","仙台","星宇",62,18414,14794,80.3410
2024,10,"桃園國際機場","沖繩","星宇",62,14926,13965,93.5616
2024,11,"桃園國際機場","沖繩","星宇",60,11280,10923,96.8351
2024,12,"桃園國際機場","沖繩","星宇",63,11844,10901,92.0382
2024,1,"桃園國際機場","沖繩","星宇",62,11656,9873,84.7032
2024,2,"桃園國際機場","沖繩","星宇",58,10904,10194,93.4886
2024,3,"桃園國際機場","沖繩","星宇",62,11656,11025,94.5865
2024,4,"桃園國際機場","沖繩","星宇",60,11280,10803,95.7713
2024,5,"桃園國際機場","沖繩","星宇",62,11656,11222,96.2766
2024,6,"桃園國際機場","沖繩","星宇",60,11498,11140,96.8864
2024,7,"桃園國際機場","沖繩","星宇",62,12528,11639,92.9039
2024,8,"桃園國際機場","沖繩","星宇",62,15580,14944,95.9178
2024,9,"桃園國際機場","沖繩","星宇",60,12370,11650,94.1795
2025,10,"桃園國際機場","沖繩","星宇",62,11656,11456,98.2841
2025,11,"桃園國際機場","沖繩","星宇",60,11280,10842,96.1170
2025,12,"桃園國際機場","沖繩","星宇",62,11656,10793,92.5961
2025,1,"桃園國際機場","沖繩","星宇",62,11656,10513,90.1939
2025,2,"桃園國際機場","沖繩","星宇",56,10528,9883,93.8735
2025,3,"桃園國際機場","沖繩","星宇",62,11656,11051,94.8095
2025,4,"桃園國際機場","沖繩","星宇",60,11280,10678,94.6631
2025,5,"桃園國際機場","沖繩","星宇",62,11656,11386,97.6836
2025,6,"桃園國際機場","沖繩","星宇",60,11280,11241,99.6543
2025,7,"桃園國際機場","沖繩","星宇",62,11656,11034,94.6637
2025,8,"桃園國際機場","沖繩","星宇",89,19918,18030,90.5211
2025,9,"桃園國際機場","沖繩","星宇",62,12110,11114,91.7754
2026,1,"桃園國際機場","沖繩","星宇",62,11874,10347,87.1400
2026,2,"桃園國際機場","沖繩","星宇",56,10528,10277,97.6159
2026,3,"桃園國際機場","沖繩","星宇",62,11656,11239,96.4224
2026,4,"桃園國際機場","沖繩","星宇",60,17870,15459,86.5081
2026,5,"桃園國際機場","沖繩","星宇",63,18710,16645,88.9631
2024,1,"桃園國際機場","富國","星宇",11,2068,1812,87.6209
2024,2,"桃園國際機場","富國","星宇",27,5076,4795,94.4641
2024,3,"桃園國際機場","富國","星宇",10,1880,1672,88.9362
2024,5,"桃園國際機場","富國","星宇",16,3008,2804,93.2181
2024,10,"桃園國際機場","克拉克","星宇",58,10904,4437,40.6915
2024,11,"桃園國際機場","克拉克","星宇",32,6016,2985,49.6177
2024,12,"桃園國際機場","克拉克","星宇",52,9776,7119,72.8212
2024,1,"桃園國際機場","克拉克","星宇",34,6392,2540,39.7372
2024,2,"桃園國際機場","克拉克","星宇",34,6392,3138,49.0926
2024,3,"桃園國際機場","克拉克","星宇",36,6768,2717,40.1448
2024,4,"桃園國際機場","克拉克","星宇",26,4888,2350,48.0769
2024,5,"桃園國際機場","克拉克","星宇",46,8648,2999,34.6785
2024,6,"桃園國際機場","克拉克","星宇",42,7896,4180,52.9382
2024,7,"桃園國際機場","克拉克","星宇",52,9776,4445,45.4685
2024,8,"桃園國際機場","克拉克","星宇",58,10904,5094,46.7168
2024,9,"桃園國際機場","克拉克","星宇",60,11280,3817,33.8387
2025,10,"桃園國際機場","克拉克","星宇",78,14664,8170,55.7147
2025,11,"桃園國際機場","克拉克","星宇",64,12032,6924,57.5465
2025,12,"桃園國際機場","克拉克","星宇",74,13912,11385,81.8358
2025,1,"桃園國際機場","克拉克","星宇",60,11280,9464,83.9007
2025,2,"桃園國際機場","克拉克","星宇",56,10528,8053,76.4913
2025,3,"桃園國際機場","克拉克","星宇",64,12032,6582,54.7041
2025,4,"桃園國際機場","克拉克","星宇",70,13160,9715,73.8222
2025,5,"桃園國際機場","克拉克","星宇",78,14664,9154,62.4250
2025,6,"桃園國際機場","克拉克","星宇",78,14664,9294,63.3797
2025,7,"桃園國際機場","克拉克","星宇",80,15040,8793,58.4641
2025,8,"桃園國際機場","克拉克","星宇",74,13912,8192,58.8844
2025,9,"桃園國際機場","克拉克","星宇",58,10904,4840,44.3874
2026,1,"桃園國際機場","克拉克","星宇",74,13912,11854,85.2070
2026,2,"桃園國際機場","克拉克","星宇",72,14844,11897,80.1469
2026,3,"桃園國際機場","克拉克","星宇",78,14664,11321,77.2027
2026,4,"桃園國際機場","克拉克","星宇",60,11280,9635,85.4167
2026,5,"桃園國際機場","克拉克","星宇",62,11656,9445,81.0312
2024,10,"桃園國際機場","函館","星宇",42,7896,6758,85.5876
2024,11,"桃園國際機場","函館","星宇",26,4888,4211,86.1498
2024,12,"桃園國際機場","函館","星宇",26,4888,4515,92.3691
2024,2,"桃園國際機場","函館","星宇",30,5640,4933,87.4645
2024,3,"桃園國際機場","函館","星宇",59,11092,9272,83.5918
2024,4,"桃園國際機場","函館","星宇",42,7896,5462,69.1743
2024,5,"桃園國際機場","函館","星宇",44,8272,6072,73.4043
2024,6,"桃園國際機場","函館","星宇",42,7896,6819,86.3602
2024,7,"桃園國際機場","函館","星宇",46,8648,7541,87.1994
2024,8,"桃園國際機場","函館","星宇",44,8272,7611,92.0092
2024,9,"桃園國際機場","函館","星宇",42,7896,6485,82.1302
2025,10,"桃園國際機場","函館","星宇",28,5264,4555,86.5312
2025,11,"桃園國際機場","函館","星宇",24,4512,3966,87.8989
2025,12,"桃園國際機場","函館","星宇",28,5264,4660,88.5258
2025,1,"桃園國際機場","函館","星宇",28,5264,4837,91.8883
2025,2,"桃園國際機場","函館","星宇",24,4512,4263,94.4814
2025,3,"桃園國際機場","函館","星宇",26,4888,4247,86.8863
2025,4,"桃園國際機場","函館","星宇",26,4888,3808,77.9051
2025,5,"桃園國際機場","函館","星宇",26,4888,3632,74.3044
2025,6,"桃園國際機場","函館","星宇",26,4888,3816,78.0687
2025,7,"桃園國際機場","函館","星宇",26,4888,4382,89.6481
2025,8,"桃園國際機場","函館","星宇",26,4888,4379,89.5867
2025,9,"桃園國際機場","函館","星宇",26,4888,3601,73.6702
2026,1,"桃園國際機場","函館","星宇",44,8272,7506,90.7398
2026,2,"桃園國際機場","函館","星宇",40,7520,7132,94.8404
2026,3,"桃園國際機場","函館","星宇",42,7896,7205,91.2487
2026,4,"桃園國際機場","函館","星宇",26,4888,4248,86.9067
2026,5,"桃園國際機場","函館","星宇",26,4888,4189,85.6997
2024,10,"桃園國際機場","熊本","星宇",62,12746,10213,80.1271
2024,11,"桃園國際機場","熊本","星宇",60,17602,14408,81.8543
2024,12,"桃園國際機場","熊本","星宇",62,15580,13755,88.2863
2024,1,"桃園國際機場","熊本","星宇",62,11656,9011,77.3078
2024,2,"桃園國際機場","熊本","星宇",58,10904,9783,89.7194
2024,3,"桃園國際機場","熊本","星宇",62,11656,10301,88.3751
2024,4,"桃園國際機場","熊本","星宇",60,11280,9451,83.7855
2024,5,"桃園國際機場","熊本","星宇",62,11656,9392,80.5765
2024,6,"桃園國際機場","熊本","星宇",60,11280,9885,87.6330
2024,7,"桃園國際機場","熊本","星宇",62,11656,10129,86.8995
2024,8,"桃園國際機場","熊本","星宇",60,11280,10144,89.9291
2024,9,"桃園國際機場","熊本","星宇",60,11280,9289,82.3493
2025,10,"桃園國際機場","熊本","星宇",62,18414,16338,88.7260
2025,11,"桃園國際機場","熊本","星宇",60,17820,15561,87.3232
2025,12,"桃園國際機場","熊本","星宇",62,18414,16449,89.3288
2025,1,"桃園國際機場","熊本","星宇",62,17324,13681,78.9714
2025,2,"桃園國際機場","熊本","星宇",56,16632,14344,86.2434
2025,3,"桃園國際機場","熊本","星宇",62,18414,15776,85.6739
2025,4,"桃園國際機場","熊本","星宇",60,17820,14658,82.2559
2025,5,"桃園國際機場","熊本","星宇",62,18414,14224,77.2456
2025,6,"桃園國際機場","熊本","星宇",60,17820,13920,78.1145
2025,7,"桃園國際機場","熊本","星宇",62,18414,13600,73.8568
2025,8,"桃園國際機場","熊本","星宇",62,18414,15721,85.3753
2025,9,"桃園國際機場","熊本","星宇",60,17820,14569,81.7565
2026,1,"桃園國際機場","熊本","星宇",62,18414,15782,85.7065
2026,2,"桃園國際機場","熊本","星宇",56,16632,15795,94.9675
2026,3,"桃園國際機場","熊本","星宇",62,18414,17083,92.7718
2026,4,"桃園國際機場","熊本","星宇",60,17820,15567,87.3569
2026,5,"桃園國際機場","熊本","星宇",62,18414,15333,83.2682
2024,10,"桃園國際機場","富國島","星宇",56,14452,11163,77.2419
2024,11,"桃園國際機場","富國島","星宇",26,4888,4012,82.0786
2024,12,"桃園國際機場","富國島","星宇",26,4888,4437,90.7733
2024,7,"桃園國際機場","富國島","星宇",44,8272,7853,94.9347
2024,8,"桃園國際機場","富國島","星宇",65,12220,11000,90.0164
2024,9,"桃園國際機場","富國島","星宇",61,16264,11696,71.9134
2025,10,"桃園國際機場","富國島","星宇",26,4888,3710,75.9002
2025,11,"桃園國際機場","富國島","星宇",17,3196,2672,83.6045
2025,12,"桃園國際機場","富國島","星宇",24,4512,3416,75.7092
2025,1,"桃園國際機場","富國島","星宇",42,7896,6759,85.6003
2025,2,"桃園國際機場","富國島","星宇",44,8272,7178,86.7747
2025,3,"桃園國際機場","富國島","星宇",24,4512,4033,89.3839
2025,4,"桃園國際機場","富國島","星宇",26,4888,3945,80.7079
2025,5,"桃園國際機場","富國島","星宇",27,5076,3861,76.0638
2025,6,"桃園國際機場","富國島","星宇",25,4700,3859,82.1064
2025,7,"桃園國際機場","富國島","星宇",27,5076,4767,93.9125
2025,8,"桃園國際機場","富國島","星宇",27,5076,4736,93.3018
2025,9,"桃園國際機場","富國島","星宇",25,4700,3493,74.3191
2026,1,"桃園國際機場","富國島","星宇",26,4888,3961,81.0352
2026,2,"桃園國際機場","富國島","星宇",34,6392,5859,91.6615
2026,3,"桃園國際機場","富國島","星宇",28,5264,4617,87.7090
2026,4,"桃園國際機場","富國島","星宇",26,4888,3878,79.3372
2026,5,"桃園國際機場","富國島","星宇",26,4888,3496,71.5221
2025,10,"桃園國際機場","神戶","星宇",26,4888,4131,84.5131
2025,11,"桃園國際機場","神戶","星宇",28,5264,4253,80.7941
2025,12,"桃園國際機場","神戶","星宇",34,6392,5627,88.0319
2025,4,"桃園國際機場","神戶","星宇",12,2256,1915,84.8848
2025,5,"桃園國際機場","神戶","星宇",26,4888,4204,86.0065
2025,6,"桃園國際機場","神戶","星宇",26,4888,4331,88.6047
2025,7,"桃園國際機場","神戶","星宇",28,5264,4695,89.1907
2025,8,"桃園國際機場","神戶","星宇",26,4888,4603,94.1694
2025,9,"桃園國際機場","神戶","星宇",24,4512,3684,81.6489
2026,1,"桃園國際機場","神戶","星宇",36,6768,6012,88.8298
2026,2,"桃園國際機場","神戶","星宇",32,6016,5779,96.0605
2026,3,"桃園國際機場","神戶","星宇",36,6768,6438,95.1241
2026,4,"桃園國際機場","神戶","星宇",34,6392,5721,89.5025
2026,5,"桃園國際機場","神戶","星宇",36,6768,5598,82.7128
2025,10,"桃園國際機場","下地島","星宇",14,2632,2408,91.4894
2025,8,"桃園國際機場","下地島","星宇",6,1128,959,85.0177
2025,9,"桃園國際機場","下地島","星宇",18,3384,3218,95.0946
2026,2,"桃園國際機場","下地島","星宇",10,1880,1205,64.0957
2026,3,"桃園國際機場","下地島","星宇",18,3384,1834,54.1962
2026,4,"桃園國際機場","下地島","星宇",26,4888,2616,53.5188
2026,5,"桃園國際機場","下地島","星宇",26,4888,3370,68.9444
2024,10,"臺中清泉崗機場","澳門","星宇",66,12408,9307,75.0081
2024,11,"臺中清泉崗機場","澳門","星宇",66,12408,9138,73.6460
2024,12,"臺中清泉崗機場","澳門","星宇",62,11656,8945,76.7416
2024,3,"臺中清泉崗機場","澳門","星宇",2,376,343,91.2234
2024,4,"臺中清泉崗機場","澳門","星宇",70,13160,8940,67.9331
2024,5,"臺中清泉崗機場","澳門","星宇",70,13160,8353,63.4726
2024,6,"臺中清泉崗機場","澳門","星宇",68,12784,10870,85.0282
2024,7,"臺中清泉崗機場","澳門","星宇",71,13348,11496,86.1253
2024,8,"臺中清泉崗機場","澳門","星宇",70,13160,11079,84.1869
2024,9,"臺中清泉崗機場","澳門","星宇",66,12408,9114,73.4526
2025,10,"臺中清泉崗機場","澳門","星宇",62,11656,9736,83.5278
2025,11,"臺中清泉崗機場","澳門","星宇",60,11280,9858,87.3936
2025,12,"臺中清泉崗機場","澳門","星宇",62,11656,9331,80.0532
2025,1,"臺中清泉崗機場","澳門","星宇",62,11656,8442,72.4262
2025,2,"臺中清泉崗機場","澳門","星宇",51,9588,7368,76.8461
2025,3,"臺中清泉崗機場","澳門","星宇",61,11468,8492,74.0495
2025,4,"臺中清泉崗機場","澳門","星宇",60,11280,8815,78.1472
2025,5,"臺中清泉崗機場","澳門","星宇",62,11656,8798,75.4804
2025,6,"臺中清泉崗機場","澳門","星宇",58,10904,9122,83.6574
2025,7,"臺中清泉崗機場","澳門","星宇",60,11280,9884,87.6241
2025,8,"臺中清泉崗機場","澳門","星宇",60,11280,10170,90.1596
2025,9,"臺中清泉崗機場","澳門","星宇",56,10528,8998,85.4673
2026,1,"臺中清泉崗機場","澳門","星宇",62,11656,9146,78.4660
2026,2,"臺中清泉崗機場","澳門","星宇",55,10340,7625,73.7427
2026,3,"臺中清泉崗機場","澳門","星宇",62,11656,10132,86.9252
2026,4,"臺中清泉崗機場","澳門","星宇",74,13912,11480,82.5187
2026,5,"臺中清泉崗機場","澳門","星宇",80,15040,12428,82.6330
2024,10,"臺中清泉崗機場","富國島","星宇",10,1880,1120,59.5745
2024,11,"臺中清泉崗機場","富國島","星宇",59,11092,8021,72.3134
2024,12,"臺中清泉崗機場","富國島","星宇",62,11656,9099,78.0628
2025,10,"臺中清泉崗機場","富國島","星宇",24,4512,3721,82.4690
2025,11,"臺中清泉崗機場","富國島","星宇",18,3384,2666,78.7825
2025,12,"臺中清泉崗機場","富國島","星宇",18,3384,2760,81.5603
2025,1,"臺中清泉崗機場","富國島","星宇",62,11656,9122,78.2601
2025,2,"臺中清泉崗機場","富國島","星宇",54,10152,8548,84.2002
2025,3,"臺中清泉崗機場","富國島","星宇",62,11656,9670,82.9616
2025,4,"臺中清泉崗機場","富國島","星宇",44,8272,6989,84.4898
2025,5,"臺中清泉崗機場","富國島","星宇",28,5264,4038,76.7097
2025,6,"臺中清泉崗機場","富國島","星宇",24,4512,3662,81.1613
2025,7,"臺中清泉崗機場","富國島","星宇",28,5264,4777,90.7485
2025,8,"臺中清泉崗機場","富國島","星宇",26,4888,4344,88.8707
2025,9,"臺中清泉崗機場","富國島","星宇",26,4888,3565,72.9337
2026,1,"臺中清泉崗機場","富國島","星宇",18,3384,2589,76.5071
2026,2,"臺中清泉崗機場","富國島","星宇",16,3008,2527,84.0093
2026,3,"臺中清泉崗機場","富國島","星宇",18,3384,2547,75.2660
2026,4,"臺中清泉崗機場","富國島","星宇",16,3008,2522,83.8431
2026,5,"臺中清泉崗機場","富國島","星宇",18,3384,2593,76.6253
2024,10,"臺中清泉崗機場","峴港","星宇",24,4512,3182,70.5230
2024,11,"臺中清泉崗機場","峴港","星宇",26,4888,3552,72.6678
2024,4,"臺中清泉崗機場","峴港","星宇",26,4888,4173,85.3723
2024,5,"臺中清泉崗機場","峴港","星宇",26,4888,4205,86.0270
2024,6,"臺中清泉崗機場","峴港","星宇",26,4888,3560,72.8314
2024,7,"臺中清泉崗機場","峴港","星宇",26,4888,4154,84.9836
2024,8,"臺中清泉崗機場","峴港","星宇",28,5264,4417,83.9096
2024,9,"臺中清泉崗機場","峴港","星宇",24,4512,2961,65.6250
2025,4,"臺中清泉崗機場","峴港","星宇",16,3008,2241,74.5013
2026,3,"臺中清泉崗機場","峴港","星宇",4,752,500,66.4894
2026,4,"臺中清泉崗機場","峴港","星宇",24,4512,3348,74.2021
2026,5,"臺中清泉崗機場","峴港","星宇",28,5264,3705,70.3837
2024,10,"臺中清泉崗機場","高松","星宇",26,4888,4220,86.3339
2024,11,"臺中清泉崗機場","高松","星宇",26,4888,4631,94.7422
2024,12,"臺中清泉崗機場","高松","星宇",26,4888,4115,84.1858
2025,10,"臺中清泉崗機場","高松","星宇",46,8648,7601,87.8932
2025,11,"臺中清泉崗機場","高松","星宇",42,7896,7041,89.1717
2025,12,"臺中清泉崗機場","高松","星宇",44,8272,7113,85.9889
2025,1,"臺中清泉崗機場","高松","星宇",28,5264,4084,77.5836
2025,2,"臺中清泉崗機場","高松","星宇",24,4512,3855,85.4388
2025,3,"臺中清泉崗機場","高松","星宇",28,5264,4288,81.4590
2025,4,"臺中清泉崗機場","高松","星宇",42,7896,6174,78.1915
2025,5,"臺中清泉崗機場","高松","星宇",44,8272,5388,65.1354
2025,6,"臺中清泉崗機場","高松","星宇",44,8272,5200,62.8627
2025,7,"臺中清泉崗機場","高松","星宇",44,8272,5252,63.4913
2025,8,"臺中清泉崗機場","高松","星宇",44,8272,6254,75.6044
2025,9,"臺中清泉崗機場","高松","星宇",42,7896,5622,71.2006
2026,1,"臺中清泉崗機場","高松","星宇",44,8272,6072,73.4043
2026,2,"臺中清泉崗機場","高松","星宇",40,7520,6702,89.1223
2026,3,"臺中清泉崗機場","高松","星宇",44,8272,7185,86.8593
2026,4,"臺中清泉崗機場","高松","星宇",44,8272,7298,88.2253
2026,5,"臺中清泉崗機場","高松","星宇",44,8272,6722,81.2621
2024,12,"臺中清泉崗機場","沖繩","星宇",36,6768,6059,89.5242
2025,10,"臺中清泉崗機場","沖繩","星宇",90,16920,14611,86.3534
2025,11,"臺中清泉崗機場","沖繩","星宇",94,17672,14274,80.7718
2025,12,"臺中清泉崗機場","沖繩","星宇",104,19552,15858,81.1068
2025,1,"臺中清泉崗機場","沖繩","星宇",34,6392,5499,86.0294
2025,2,"臺中清泉崗機場","沖繩","星宇",32,6016,5669,94.2320
2025,3,"臺中清泉崗機場","沖繩","星宇",38,7144,6660,93.2251
2025,4,"臺中清泉崗機場","沖繩","星宇",52,9776,8548,87.4386
2025,5,"臺中清泉崗機場","沖繩","星宇",52,9776,8733,89.3310
2025,6,"臺中清泉崗機場","沖繩","星宇",52,9776,9047,92.5430
2025,7,"臺中清泉崗機場","沖繩","星宇",52,9776,8541,87.3670
2025,8,"臺中清泉崗機場","沖繩","星宇",90,16920,15515,91.6962
2025,9,"臺中清泉崗機場","沖繩","星宇",86,16168,14331,88.6381
2026,1,"臺中清泉崗機場","沖繩","星宇",124,23312,19470,83.5192
2026,2,"臺中清泉崗機場","沖繩","星宇",111,20868,19453,93.2193
2026,3,"臺中清泉崗機場","沖繩","星宇",124,23312,20482,87.8603
2026,4,"臺中清泉崗機場","沖繩","星宇",120,22560,19647,87.0878
2026,5,"臺中清泉崗機場","沖繩","星宇",122,22936,19736,86.0481
2026,3,"臺中清泉崗機場","東京成田","星宇",2,376,334,88.8298
2026,4,"臺中清泉崗機場","東京成田","星宇",52,9776,8424,86.1702
2026,5,"臺中清泉崗機場","東京成田","星宇",69,12972,11320,87.2649
2025,10,"臺中清泉崗機場","神戶","星宇",62,11656,10728,92.0384
2025,11,"臺中清泉崗機場","神戶","星宇",60,11280,10513,93.2004
2025,12,"臺中清泉崗機場","神戶","星宇",62,11656,10769,92.3902
2025,4,"臺中清泉崗機場","神戶","星宇",26,4888,4034,82.5286
2025,5,"臺中清泉崗機場","神戶","星宇",62,11656,9901,84.9434
2025,6,"臺中清泉崗機場","神戶","星宇",60,11280,10159,90.0621
2025,7,"臺中清泉崗機場","神戶","星宇",62,11656,10019,85.9557
2025,8,"臺中清泉崗機場","神戶","星宇",62,11656,10909,93.5913
2025,9,"臺中清泉崗機場","神戶","星宇",60,11280,9561,84.7606
2026,1,"臺中清泉崗機場","神戶","星宇",62,11656,10430,89.4818
2026,2,"臺中清泉崗機場","神戶","星宇",56,10528,9993,94.9183
2026,3,"臺中清泉崗機場","神戶","星宇",62,11656,10960,94.0288
2026,4,"臺中清泉崗機場","神戶","星宇",60,11280,10185,90.2926
2026,5,"臺中清泉崗機場","神戶","星宇",62,11656,10379,89.0443
2026,2,"臺中清泉崗機場","下地島","星宇",10,1880,1245,66.2234
2026,3,"臺中清泉崗機場","下地島","星宇",20,3760,1953,51.9415
2026,4,"臺中清泉崗機場","下地島","星宇",34,6392,3655,57.1809
2026,5,"臺中清泉崗機場","下地島","星宇",36,6768,4440,65.6028
2026,3,"臺中清泉崗機場","熊本","星宇",2,376,286,76.0638
2026,4,"臺中清泉崗機場","熊本","星宇",24,4512,3538,78.4131
2026,5,"臺中清泉崗機場","熊本","星宇",46,8648,6602,76.3414
